relative_path,absolute_path,size_bytes,sha256
data/processed/ca-GrQc.edgelist,/content/data/processed/ca-GrQc.edgelist,149352,6c5ded580d25f60fbfa5f032c9e1ef5e4639d55559ab0de39950b136816206e3
data/processed/ca-HepTh.edgelist,/content/data/processed/ca-HepTh.edgelist,289574,a25efb5896ca5104004a9c23dea5a7a73309a33ae28c864980ad93d8f7302f23
data/processed/ego-Facebook.edgelist,/content/data/processed/ego-Facebook.edgelist,854362,c24b7daace92495d2eb4d9c9b09e203902f4c1643220c854d2d96e2d1ef1d7b8
data/processed/email-Eu-core.edgelist,/content/data/processed/email-Eu-core.edgelist,121265,fb24368dbb7e964a52fa5e1a80ca683efc3bacc2a085e8d523aaa16d75b2ceb0
data/processed/link_prediction/ca-GrQc__fold_1_candidates.csv,/content/data/processed/link_prediction/ca-GrQc__fold_1_candidates.csv,48696,aa683119638caeb18eac3b4ef05b422b11f86c34e0b242102d165427e3cd1722
data/processed/link_prediction/ca-GrQc__fold_1_train.edgelist,/content/data/processed/link_prediction/ca-GrQc__fold_1_train.edgelist,128764,31a0f3346bbe4e07f13c199801616f467f0ac11ca8d5444c1e9bcd9ee645218b
data/processed/link_prediction/ca-GrQc__fold_2_candidates.csv,/content/data/processed/link_prediction/ca-GrQc__fold_2_candidates.csv,48636,6c971a26083169d78c7d3075de3c366a4540aa9391978ad768b2fa083986ce86
data/processed/link_prediction/ca-GrQc__fold_2_train.edgelist,/content/data/processed/link_prediction/ca-GrQc__fold_2_train.edgelist,128793,7b403970e241870c3eb493f6d630c33bd54060a742d86a520810aa0e0d3c1183
data/processed/link_prediction/ca-GrQc__fold_3_candidates.csv,/content/data/processed/link_prediction/ca-GrQc__fold_3_candidates.csv,48785,b23f25cd31c533907cebbe331ff61102195dc508245233ca8eb75a7c8ea05aca
data/processed/link_prediction/ca-GrQc__fold_3_train.edgelist,/content/data/processed/link_prediction/ca-GrQc__fold_3_train.edgelist,128719,8587d9a3d26525f67bd903f679d4a1f3064b13b4b90fe485f0d67998105585f0
data/processed/link_prediction/ca-GrQc__fold_4_candidates.csv,/content/data/processed/link_prediction/ca-GrQc__fold_4_candidates.csv,48815,d81566394a6bf7c5f1c2785934ea6d2246f4fc886c9fff92162e51861d3aa8aa
data/processed/link_prediction/ca-GrQc__fold_4_train.edgelist,/content/data/processed/link_prediction/ca-GrQc__fold_4_train.edgelist,128670,67050e064bd82fb31e217d5cf0245df989c0dffac7b14aa3bc397fc70bc393dc
data/processed/link_prediction/ca-GrQc__fold_5_candidates.csv,/content/data/processed/link_prediction/ca-GrQc__fold_5_candidates.csv,48812,3bc498c891ce20101230bc1b3404bca0abd4028f2aca956074d1244cc0e77c30
data/processed/link_prediction/ca-GrQc__fold_5_train.edgelist,/content/data/processed/link_prediction/ca-GrQc__fold_5_train.edgelist,128677,7d6ab761e01f7addcad97510e8a4b155846b3270f3acb7981e057c2fde4b2df4
data/processed/link_prediction/ca-HepTh__fold_1_candidates.csv,/content/data/processed/link_prediction/ca-HepTh__fold_1_candidates.csv,88442,d17f38c6eaa61c0ad56f8ac76c0c266ccc332cf709df3aae30aeee1769043a8e
data/processed/link_prediction/ca-HepTh__fold_1_train.edgelist,/content/data/processed/link_prediction/ca-HepTh__fold_1_train.edgelist,251831,6beb197d6eb109b1ca45df95f688328cacb13cf4b6d952b7ef77c448a9c21c51
data/processed/link_prediction/ca-HepTh__fold_2_candidates.csv,/content/data/processed/link_prediction/ca-HepTh__fold_2_candidates.csv,88486,a0602568eac0c989145476de5b25770998c15e7f4b1b4b1002474cfe1d9cbea9
data/processed/link_prediction/ca-HepTh__fold_2_train.edgelist,/content/data/processed/link_prediction/ca-HepTh__fold_2_train.edgelist,251765,a9f139b025085b1d97d9cea8450df673da86b52cd93c4c3ad6a5d4cdfb97369a
data/processed/link_prediction/ca-HepTh__fold_3_candidates.csv,/content/data/processed/link_prediction/ca-HepTh__fold_3_candidates.csv,88573,2c1c6a21f063a7a3dd85b52a14b6cfc61ed281a7f11f709ce80692f0c6aca325
data/processed/link_prediction/ca-HepTh__fold_3_train.edgelist,/content/data/processed/link_prediction/ca-HepTh__fold_3_train.edgelist,251698,d5c71ec624d338d669fd16fc785c305db65b28ad28a04a0dea26ebc593455a5e
data/processed/link_prediction/ca-HepTh__fold_4_candidates.csv,/content/data/processed/link_prediction/ca-HepTh__fold_4_candidates.csv,88437,12b89ae55faa4358eaf2408e8f6deea1b289606e1dbb89bc9ea18c50775ce857
data/processed/link_prediction/ca-HepTh__fold_4_train.edgelist,/content/data/processed/link_prediction/ca-HepTh__fold_4_train.edgelist,251789,cb89d52aa79e9fe54af503796cc09c3c1a31d1fc97a9d95935970f4040607514
data/processed/link_prediction/ca-HepTh__fold_5_candidates.csv,/content/data/processed/link_prediction/ca-HepTh__fold_5_candidates.csv,88484,78253a62e2afc6ce006bff89471b23dd54d9e2e3051038f1a634c3ba9fe87cd4
data/processed/link_prediction/ca-HepTh__fold_5_train.edgelist,/content/data/processed/link_prediction/ca-HepTh__fold_5_train.edgelist,251802,ac4186424e3bc8c6090d7db8858ebadc274ed0612bfb9e9c9bf7c2bef4ba9839
data/processed/link_prediction/ego-Facebook__fold_1_candidates.csv,/content/data/processed/link_prediction/ego-Facebook__fold_1_candidates.csv,390129,9b3c55ece2816291e2756a62d898bf226ee745cb1a0db749ce5e549e20ef0e92
data/processed/link_prediction/ego-Facebook__fold_1_train.edgelist,/content/data/processed/link_prediction/ego-Facebook__fold_1_train.edgelist,690808,35a2d45deec7bfd3a5ee502d46e01dc902dc8bc2204f25360a3dbdc722a76740
data/processed/link_prediction/ego-Facebook__fold_2_candidates.csv,/content/data/processed/link_prediction/ego-Facebook__fold_2_candidates.csv,390079,ff2dc400f3a9c6fbe9d8533411cdaa265eeff4db21a782195beab570020813ea
data/processed/link_prediction/ego-Facebook__fold_2_train.edgelist,/content/data/processed/link_prediction/ego-Facebook__fold_2_train.edgelist,690786,761bf2bf132f3eb5c9359bd5d52ffb66d79772498f59b44b448cac134619c6be
data/processed/link_prediction/ego-Facebook__fold_3_candidates.csv,/content/data/processed/link_prediction/ego-Facebook__fold_3_candidates.csv,390034,e024cb3a2be6d106b08609ee1eedda5d891ea6bb5025a330fefd934ca9887ea5
data/processed/link_prediction/ego-Facebook__fold_3_train.edgelist,/content/data/processed/link_prediction/ego-Facebook__fold_3_train.edgelist,690850,bc825ada99ea4f80d5111fa25637b7335b2a74c4824168600b625fcb037dc857
data/processed/link_prediction/ego-Facebook__fold_4_candidates.csv,/content/data/processed/link_prediction/ego-Facebook__fold_4_candidates.csv,389955,f352a1892b947627f6a7608a9e44657a1e8de98d848da97b00833b17c8d24f20
data/processed/link_prediction/ego-Facebook__fold_4_train.edgelist,/content/data/processed/link_prediction/ego-Facebook__fold_4_train.edgelist,690854,3bd7ba7a895673e2b5d1ade0ebbb1c9f0458c4d332c7731d6082db21b57f7cf3
data/processed/link_prediction/ego-Facebook__fold_5_candidates.csv,/content/data/processed/link_prediction/ego-Facebook__fold_5_candidates.csv,390125,4eb3296946525526de0ea1382c0f8f07a38b6a555e7782949767974ffdb50bcf
data/processed/link_prediction/ego-Facebook__fold_5_train.edgelist,/content/data/processed/link_prediction/ego-Facebook__fold_5_train.edgelist,690684,716128c7dde2b14a89946e0c64d7713b2682434b3efbd0cd9727c1dd88940c9b
data/processed/link_prediction/email-Eu-core__fold_1_candidates.csv,/content/data/processed/link_prediction/email-Eu-core__fold_1_candidates.csv,58528,887163965f0e5703561288f033415ce31f0f89cd1d3225241b1d8c4e8774a84f
data/processed/link_prediction/email-Eu-core__fold_1_train.edgelist,/content/data/processed/link_prediction/email-Eu-core__fold_1_train.edgelist,98311,6884cf728e564d7a801f043a2fe25e80d4fa8cbed0af85b3333b14f4914b849a
data/processed/link_prediction/email-Eu-core__fold_2_candidates.csv,/content/data/processed/link_prediction/email-Eu-core__fold_2_candidates.csv,58565,d7bb28a957936bf3231efb135b1b55dc8b35c2580748d233ca20def3926fdb37
data/processed/link_prediction/email-Eu-core__fold_2_train.edgelist,/content/data/processed/link_prediction/email-Eu-core__fold_2_train.edgelist,98298,aecbdc320d2aa20276998bf48706bb283da0371898f1d7af27f6cc0ffa3b34c3
data/processed/link_prediction/email-Eu-core__fold_3_candidates.csv,/content/data/processed/link_prediction/email-Eu-core__fold_3_candidates.csv,58523,f29aecb86e3311b10637f24702312068a0c658ccc5fed8bd268aeaf8671a84cc
data/processed/link_prediction/email-Eu-core__fold_3_train.edgelist,/content/data/processed/link_prediction/email-Eu-core__fold_3_train.edgelist,98342,890ab2fa4e58fdb98fd222feacf8e05ba54ba1a4a210ff5bc37d2e284159c098
data/processed/link_prediction/email-Eu-core__fold_4_candidates.csv,/content/data/processed/link_prediction/email-Eu-core__fold_4_candidates.csv,58528,b161ab0a1b7970f48fa0d62584bf0f4e577a0a72b30e546a8b320087b476e7a8
data/processed/link_prediction/email-Eu-core__fold_4_train.edgelist,/content/data/processed/link_prediction/email-Eu-core__fold_4_train.edgelist,98360,2eca132425fe5c13cfd0da5667b7894267d00a41142e3de60994346e860eb02f
data/processed/link_prediction/email-Eu-core__fold_5_candidates.csv,/content/data/processed/link_prediction/email-Eu-core__fold_5_candidates.csv,58519,833382e1816e69166d7399f01ba317fa6c179e7e0d72f784b096a17e8132a50c
data/processed/link_prediction/email-Eu-core__fold_5_train.edgelist,/content/data/processed/link_prediction/email-Eu-core__fold_5_train.edgelist,98343,373497a7b54eba2418ecae20175730225cb8dfb5b19a7cf2d73b9fb16840546b
data/processed/link_prediction/evaluation/best_method_per_network.csv,/content/data/processed/link_prediction/evaluation/best_method_per_network.csv,13937,1cb828e49e64717c6c3998fba258d8a65cc24c939346c27e6f73db3742f758b4
data/processed/link_prediction/evaluation/cross_validation_results.csv,/content/data/processed/link_prediction/evaluation/cross_validation_results.csv,218512,e46c1cd48ebfa3b9100d59841a833a390ebb8fa0ee4643ab467050116befec71
data/processed/link_prediction/evaluation/evaluation_results_by_fold.csv,/content/data/processed/link_prediction/evaluation/evaluation_results_by_fold.csv,436097,3b06ee8ce7a8d5397e905db9ecf85e66cc955fe5c3bfec8707c0b052df711251
data/processed/link_prediction/evaluation/method_performance_summary.csv,/content/data/processed/link_prediction/evaluation/method_performance_summary.csv,4945,a9614318c22e38a2ab91ddd36bfa9b8fd1ced39197feb726c01ae9d85292911d
data/processed/link_prediction/evaluation/ranked_methods_by_network.csv,/content/data/processed/link_prediction/evaluation/ranked_methods_by_network.csv,218773,d79699193aab12831b5b1ff7560fe33774ede8f202cbbfcb1e41b88c3410fd23
data/processed/link_prediction/evaluation/top_methods_by_network.csv,/content/data/processed/link_prediction/evaluation/top_methods_by_network.csv,108441,fb57286aaf76f81da1435d80de4f520f2bef464b10e006754d47e77e18c8ec4e
data/processed/link_prediction/evaluation/top_ranked_predictions.csv,/content/data/processed/link_prediction/evaluation/top_ranked_predictions.csv,616715,243e6e788d1274b3b82114ce264c967c87e558f508e07aa0a30561fff1be5560
data/processed/link_prediction/final_figures/best_average_precision_vs_average_clustering.pdf,/content/data/processed/link_prediction/final_figures/best_average_precision_vs_average_clustering.pdf,16441,1df19365d9d33137bf3fc242ab91735a888c8a938ebf9a6ca84af4625c474c64
data/processed/link_prediction/final_figures/best_average_precision_vs_average_clustering.png,/content/data/processed/link_prediction/final_figures/best_average_precision_vs_average_clustering.png,116940,23327b09f2822b989f2f0fd370ccd4df17bd540cc58c55519215bf8f7ea6108d
data/processed/link_prediction/final_figures/best_average_precision_vs_average_degree.pdf,/content/data/processed/link_prediction/final_figures/best_average_precision_vs_average_degree.pdf,15964,aa5bca06beefe7e83ccff4d63cd97d9d4697aea6a4952079600590e69f35fcdd
data/processed/link_prediction/final_figures/best_average_precision_vs_average_degree.png,/content/data/processed/link_prediction/final_figures/best_average_precision_vs_average_degree.png,115260,c0acf90cd8bf29d88a6fe77a4ce929a206b49342722e2dab0645931cfe37ba63
data/processed/link_prediction/final_figures/best_average_precision_vs_degree_assortativity.pdf,/content/data/processed/link_prediction/final_figures/best_average_precision_vs_degree_assortativity.pdf,16733,27723b8ad3a7ede55b4b34768bc3b1c9f5a19e8dd6414a4065eaf2e9f1ad2d48
data/processed/link_prediction/final_figures/best_average_precision_vs_degree_assortativity.png,/content/data/processed/link_prediction/final_figures/best_average_precision_vs_degree_assortativity.png,119221,7eca572385971c0d0a0ded54cb2d00c6e57dc1e09fc9e384014f275779c4a445
data/processed/link_prediction/final_figures/best_average_precision_vs_density.pdf,/content/data/processed/link_prediction/final_figures/best_average_precision_vs_density.pdf,15890,cf11cc4187473d0c731ab5b99a1b2eb0df8336032e3f8217423e42359586f79e
data/processed/link_prediction/final_figures/best_average_precision_vs_density.png,/content/data/processed/link_prediction/final_figures/best_average_precision_vs_density.png,110365,0011a770feeec1e90e2832f92d18190de706ce2a9b1e15c1da4e8c09f574f5c2
data/processed/link_prediction/final_figures/best_average_precision_vs_transitivity.pdf,/content/data/processed/link_prediction/final_figures/best_average_precision_vs_transitivity.pdf,16511,d35807d4c34bc4c8fd6670a15768306df691abf88f188f4f3479915e5c1ea131
data/processed/link_prediction/final_figures/best_average_precision_vs_transitivity.png,/content/data/processed/link_prediction/final_figures/best_average_precision_vs_transitivity.png,110201,58b96bbdb02adcd5f939505b28704b1213a6699ea4de80a9507283234047a4f7
data/processed/link_prediction/final_figures/best_method_by_network.pdf,/content/data/processed/link_prediction/final_figures/best_method_by_network.pdf,16732,d1bf7c896049dd4fd4886662358dca1f5f6672aac576da6380ecd35d9f143882
data/processed/link_prediction/final_figures/best_method_by_network.png,/content/data/processed/link_prediction/final_figures/best_method_by_network.png,105333,91eb6fd11255d1f46b0019d0d4d48022cf2c3dc712b0bd2f20a33b7f1e749f2b
data/processed/link_prediction/final_figures/best_method_topk_error_rate.pdf,/content/data/processed/link_prediction/final_figures/best_method_topk_error_rate.pdf,16115,eb388e2580676fb8d0d59e09261d06db665ed81801e2868b45224b61d8d729b5
data/processed/link_prediction/final_figures/best_method_topk_error_rate.png,/content/data/processed/link_prediction/final_figures/best_method_topk_error_rate.png,171089,e60e4bea3bfc6eeccc64cb375a7ec0a93e3cc0efb1a9dfd3de0e404f57d8b8b9
data/processed/link_prediction/final_figures/best_method_topk_precision.pdf,/content/data/processed/link_prediction/final_figures/best_method_topk_precision.pdf,17134,bb4f4af48ad923b4cee39bd5bdf7d8cdc50bfcd878117463dbbed5b201fd8124
data/processed/link_prediction/final_figures/best_method_topk_precision.png,/content/data/processed/link_prediction/final_figures/best_method_topk_precision.png,170454,18fcbbd0a59eaa0b9444b36d1368066b1b86077b4c4a5de375242c70fded398c
data/processed/link_prediction/final_figures/family_network_average_precision_heatmap.pdf,/content/data/processed/link_prediction/final_figures/family_network_average_precision_heatmap.pdf,24588,1e126c122a5281f6cd31564c83d238169ad60360b35d02fefed753c1e35eb9b0
data/processed/link_prediction/final_figures/family_network_average_precision_heatmap.png,/content/data/processed/link_prediction/final_figures/family_network_average_precision_heatmap.png,280751,ced6c358ccaf2216077d32b9d20dcaeaa1c6820ca6c362e88ba24dbbbbcc5fb3
data/processed/link_prediction/final_figures/final_figure_index.csv,/content/data/processed/link_prediction/final_figures/final_figure_index.csv,6490,093db1f840d843199d26e423d55bb276fc740bf1a5a74f1f0bc3a965c29cbb97
data/processed/link_prediction/final_figures/final_figure_summary.csv,/content/data/processed/link_prediction/final_figures/final_figure_summary.csv,1982,9ad4e62c1d541c13dfab6a5e6b5fccb99ea2f14423190af65c2e80837840ea68
data/processed/link_prediction/final_figures/method_family_average_precision.pdf,/content/data/processed/link_prediction/final_figures/method_family_average_precision.pdf,13641,253cbe14a6283aa5ccd95ae5bb813e3eecd57a084dea956699cd659be9f3a140
data/processed/link_prediction/final_figures/method_family_average_precision.png,/content/data/processed/link_prediction/final_figures/method_family_average_precision.png,111091,3b4fe56ce6188ee54ca33aad524ce1295926cfff0d35b59332bf339077038c45
data/processed/link_prediction/final_figures/method_network_average_precision_heatmap.pdf,/content/data/processed/link_prediction/final_figures/method_network_average_precision_heatmap.pdf,28418,4289e5c7efaa1f9e7072d286b3207d0172786ebc8d7473e2131f3bf17a4fc091
data/processed/link_prediction/final_figures/method_network_average_precision_heatmap.png,/content/data/processed/link_prediction/final_figures/method_network_average_precision_heatmap.png,434526,cc10f7dec2abf83fc7fed810afcc1007aad0845ae57a1936e1d758f7d4e525d5
data/processed/link_prediction/final_figures/method_ranking_stability.pdf,/content/data/processed/link_prediction/final_figures/method_ranking_stability.pdf,17866,fccbdf811550b989c77706ce42b08473b99d11a83a00a76fcbb297af8cd4dee7
data/processed/link_prediction/final_figures/method_ranking_stability.png,/content/data/processed/link_prediction/final_figures/method_ranking_stability.png,193286,2135977a032542b6ea0f4b4c1bd4eba6e4a8269e5ccad4d1e9d8b83d0ad5fc49
data/processed/link_prediction/final_figures/network_difficulty_score.pdf,/content/data/processed/link_prediction/final_figures/network_difficulty_score.pdf,14174,0ae8cb6552d222f210ed095d150ca904d3eb845a04552009fb156a3239a549e2
data/processed/link_prediction/final_figures/network_difficulty_score.png,/content/data/processed/link_prediction/final_figures/network_difficulty_score.png,102785,c22b32f838125ecb98e3e8e32ff4146975bb5c71a9e5d90818b675e8c2aa9d56
data/processed/link_prediction/final_figures/network_fold_sensitivity.pdf,/content/data/processed/link_prediction/final_figures/network_fold_sensitivity.pdf,15495,95b15e8a8a9e5fc3833c1bc0d4d4862158d55cd4741a6f07a2a8772b80d2ae1f
data/processed/link_prediction/final_figures/network_fold_sensitivity.png,/content/data/processed/link_prediction/final_figures/network_fold_sensitivity.png,91743,bafb8910c07740472508715b008f5bdc468d22e8364f822c8ec0173c20d8b6ba
data/processed/link_prediction/final_figures/top_methods_by_mean_average_precision.pdf,/content/data/processed/link_prediction/final_figures/top_methods_by_mean_average_precision.pdf,18629,caa549629d7163341e96a0714b73fcc75e565889d78f191b8c8919736bbfb891
data/processed/link_prediction/final_figures/top_methods_by_mean_average_precision.png,/content/data/processed/link_prediction/final_figures/top_methods_by_mean_average_precision.png,194507,9e99eae19e054ec1c342845456749ffd33455b24e285e851a8ecb0b47771ff47
data/processed/link_prediction/final_figures/topk_outcome_common_neighbors_profile.pdf,/content/data/processed/link_prediction/final_figures/topk_outcome_common_neighbors_profile.pdf,19024,6cc1db934cc33878ad519a5bc1f3b05926fc539f3e9ba96b7b66f2f0b3ee39b8
data/processed/link_prediction/final_figures/topk_outcome_common_neighbors_profile.png,/content/data/processed/link_prediction/final_figures/topk_outcome_common_neighbors_profile.png,164835,57883f1537cb62b9744ac07b1c30afefc0c3590d7d959754b109298572503d60
data/processed/link_prediction/final_results/final_best_methods_by_network.csv,/content/data/processed/link_prediction/final_results/final_best_methods_by_network.csv,1948,8e4e0cbd05769cf06ad6ef0b5f5e0e3d3a1afe826149bb01e02104cbb042f349
data/processed/link_prediction/final_results/final_experiment_summary.csv,/content/data/processed/link_prediction/final_results/final_experiment_summary.csv,601,662a8ec62392fb88f4b8626501d9ce97cd550c7a8f884c9ff4020d38471ed11d
data/processed/link_prediction/final_results/final_family_performance_table.csv,/content/data/processed/link_prediction/final_results/final_family_performance_table.csv,1582,129940a24ce86e3ae27c93edf2931ae2e2226af49f3fa028b182bede609d4cea
data/processed/link_prediction/final_results/final_method_performance_table.csv,/content/data/processed/link_prediction/final_results/final_method_performance_table.csv,5268,9284f03f11eccdb0d8eb37450d842a63d977baef9dd91cdfc71b7136b9a57229
data/processed/link_prediction/final_results/final_method_status_summary.csv,/content/data/processed/link_prediction/final_results/final_method_status_summary.csv,1505,9e3a82e5fc36400c31536c5de33c78468dd3a0b97c97226e8f2d0e99f48559af
data/processed/link_prediction/final_results/final_network_difficulty_summary.csv,/content/data/processed/link_prediction/final_results/final_network_difficulty_summary.csv,2386,b61fdf755a9dd963d303930257465502661d5e985b9dfbc332703e374eabe2c8
data/processed/link_prediction/final_results/final_ranking_stability_table.csv,/content/data/processed/link_prediction/final_results/final_ranking_stability_table.csv,1954,d613387050bb9bdfe89ff1d87a041715aad9e116814d0c454766046b55ef2973
data/processed/link_prediction/final_results/final_reproducibility_summary.csv,/content/data/processed/link_prediction/final_results/final_reproducibility_summary.csv,551,f985c9171a8521f1f0abd503e7ec2496c49e740332a7eacd8505e3c6717ef130
data/processed/link_prediction/final_results/final_topk_error_hit_summary.csv,/content/data/processed/link_prediction/final_results/final_topk_error_hit_summary.csv,199021,290dd11d6d14fba8ce6898176a15ce73fa1093ef8fd0a1f9719b11f8dc533c67
data/processed/link_prediction/final_results/output_manifest.csv,/content/data/processed/link_prediction/final_results/output_manifest.csv,11433,44285d335715b40eecf4e2ef69c4d4448fa833865e62973a26aa433879583988
data/processed/link_prediction/fold_metadata.csv,/content/data/processed/link_prediction/fold_metadata.csv,2398,21db668596988f9f30c111220ec59fbea7eb49e8f2ca635a522156713b7a89ea
data/processed/link_prediction/fold_robustness/fold_metric_robustness_table.csv,/content/data/processed/link_prediction/fold_robustness/fold_metric_robustness_table.csv,96127,7aa517eac244d6b926cddc180a94adcb2ee62f5d582bd0825b00c228a1b26e57
data/processed/link_prediction/fold_robustness/fold_rank_stability_table.csv,/content/data/processed/link_prediction/fold_robustness/fold_rank_stability_table.csv,17953,2f4ae15b2646630466f425993c7f3bbf8771659c215063268ae6489611c3b6eb
data/processed/link_prediction/fold_robustness/fold_rank_table.csv,/content/data/processed/link_prediction/fold_robustness/fold_rank_table.csv,437291,0b8fa3e8add91a4e1b3d6e0befe0299feb921e1ac2ad16faef1509011d313201
data/processed/link_prediction/fold_robustness/method_robustness_summary.csv,/content/data/processed/link_prediction/fold_robustness/method_robustness_summary.csv,4208,1ee13137d8dee423da62ca21da6a431f10508b0e097503199b449e5fb9cd37b1
data/processed/link_prediction/fold_robustness/most_robust_methods_by_network.csv,/content/data/processed/link_prediction/fold_robustness/most_robust_methods_by_network.csv,7752,acf74bd54af425225a0cb0ab22905890629014dba76b6f91d968a5959ae9929a
data/processed/link_prediction/fold_robustness/network_fold_robustness_summary.csv,/content/data/processed/link_prediction/fold_robustness/network_fold_robustness_summary.csv,1453,5f336317bfaffc7192231ebe461712c597b865618ec9f87bf4ff8c30c038e7b8
data/processed/link_prediction/fold_robustness/performance_robustness_table.csv,/content/data/processed/link_prediction/fold_robustness/performance_robustness_table.csv,227418,792c3f7e4ebfa6e77ac9ed9f7e587403900b9d642a9561f5ae99ce0fcfedd194
data/processed/link_prediction/link_prediction_fold_summary.csv,/content/data/processed/link_prediction/link_prediction_fold_summary.csv,2398,21db668596988f9f30c111220ec59fbea7eb49e8f2ca635a522156713b7a89ea
data/processed/link_prediction/network_difficulty/network_best_worst_methods.csv,/content/data/processed/link_prediction/network_difficulty/network_best_worst_methods.csv,1263,6ef513e39064d3eff19d9876c57c080af352d1b26d5524fa3c544be083de31a5
data/processed/link_prediction/network_difficulty/network_difficulty_robustness_table.csv,/content/data/processed/link_prediction/network_difficulty/network_difficulty_robustness_table.csv,3382,ff02ba7cd98fbb4100977d89d13a66e36cbb44b295838ddd920fb2879332bd70
data/processed/link_prediction/network_difficulty/network_difficulty_summary.csv,/content/data/processed/link_prediction/network_difficulty/network_difficulty_summary.csv,2386,b61fdf755a9dd963d303930257465502661d5e985b9dfbc332703e374eabe2c8
data/processed/link_prediction/network_difficulty/network_difficulty_table.csv,/content/data/processed/link_prediction/network_difficulty/network_difficulty_table.csv,9977,253390d22612178aa0a4e7aa4887995198b3b8be42bebcf27f5742a2fb178550
data/processed/link_prediction/network_difficulty/network_family_difficulty_table.csv,/content/data/processed/link_prediction/network_difficulty/network_family_difficulty_table.csv,1015,1e5152fabf7a59ee535f378a9065c8606bf1d7d3ad3c1ddb08f3f39f8cf432ff
data/processed/link_prediction/network_difficulty/network_method_performance_summary.csv,/content/data/processed/link_prediction/network_difficulty/network_method_performance_summary.csv,6063,364740ab061e8d5c2fd4827baa5ddeb7edeaa8bf944b93a61030e33f460fa612
data/processed/link_prediction/power-grid__fold_1_candidates.csv,/content/data/processed/link_prediction/power-grid__fold_1_candidates.csv,7680,1e8a85083dc8d406b9f0a76d0e91816501f943950c70cdf9376c48dd99c1fe91
data/processed/link_prediction/power-grid__fold_1_train.edgelist,/content/data/processed/link_prediction/power-grid__fold_1_train.edgelist,59823,20bc893935ee39f80f1377fd94594f0843dfe1b72b6533fbea55f412e4a5b8d2
data/processed/link_prediction/power-grid__fold_2_candidates.csv,/content/data/processed/link_prediction/power-grid__fold_2_candidates.csv,7688,551e72fc39d26d1f6deb1153b7b645d33470a3878d9842d9d35e729dc4c30fd3
data/processed/link_prediction/power-grid__fold_2_train.edgelist,/content/data/processed/link_prediction/power-grid__fold_2_train.edgelist,59819,d29a1dace646072ec16eef8f1be88380cce7088f6f54c98dddc532875819bce8
data/processed/link_prediction/power-grid__fold_3_candidates.csv,/content/data/processed/link_prediction/power-grid__fold_3_candidates.csv,7690,c93a4b2d31826bdffb418fea87b3291d900bb1c3b1a2ed6bf5318aa5b49f910e
data/processed/link_prediction/power-grid__fold_3_train.edgelist,/content/data/processed/link_prediction/power-grid__fold_3_train.edgelist,59811,e758511c9218eac84bfe6159f3a1c4d008090c6828fc31911776ce4d1a8794c4
data/processed/link_prediction/power-grid__fold_4_candidates.csv,/content/data/processed/link_prediction/power-grid__fold_4_candidates.csv,7675,8d4944724c0aa46d05ccc5c1e6b3b1e3403abfab59493a761a0a3ef9274eda45
data/processed/link_prediction/power-grid__fold_4_train.edgelist,/content/data/processed/link_prediction/power-grid__fold_4_train.edgelist,59827,2f55cfa181da7063a890fdc3562930ca07698a4170a128eb6dd61965f2f81ae4
data/processed/link_prediction/power-grid__fold_5_candidates.csv,/content/data/processed/link_prediction/power-grid__fold_5_candidates.csv,7698,cddc911aac2eda4ca15a7cf05743aa9b0981b23416307852eb9a9a9e272ae9fc
data/processed/link_prediction/power-grid__fold_5_train.edgelist,/content/data/processed/link_prediction/power-grid__fold_5_train.edgelist,59813,a3f8e57db1830f55952f0d234705b7de836a614ac908f9a9e9aced847ccbee42
data/processed/link_prediction/reproducibility/generated_file_inventory.csv,/content/data/processed/link_prediction/reproducibility/generated_file_inventory.csv,41081,bb2d2612fd11fd26468f9de02e0aa5e0f45a614a39996028ff127c7d60cb849c
data/processed/link_prediction/reproducibility/generated_file_inventory_summary.csv,/content/data/processed/link_prediction/reproducibility/generated_file_inventory_summary.csv,110,4a033c970d928fd92ab2c35d85c59b8a95e1a98d1363c593428707a1f2220cac
data/processed/link_prediction/reproducibility/pipeline_integrity_checks.csv,/content/data/processed/link_prediction/reproducibility/pipeline_integrity_checks.csv,472,03410df808e6b48aad36c0e81717eb3d9447aae0af9488858ef0e78d3d93a608
data/processed/link_prediction/reproducibility/reproducibility_environment.csv,/content/data/processed/link_prediction/reproducibility/reproducibility_environment.csv,377,94d1eef9f4e5ecf2e5e430970a39abfbc8d02469a816bfca149f8d1bb9fb7be8
data/processed/link_prediction/reproducibility/reproducibility_parameters.csv,/content/data/processed/link_prediction/reproducibility/reproducibility_parameters.csv,487,d92f4d5d1c8f2d7b0c3402fc59412c3fc1729aff47f96c3e8891c4806696e0ef
data/processed/link_prediction/scored_candidates/ca-GrQc__fold_1_scored_candidates.csv,/content/data/processed/link_prediction/scored_candidates/ca-GrQc__fold_1_scored_candidates.csv,755627,a129b80a066a06de99f49365ca62302390a5740be064a082a5aa3af9271936ee
data/processed/link_prediction/scored_candidates/ca-GrQc__fold_2_scored_candidates.csv,/content/data/processed/link_prediction/scored_candidates/ca-GrQc__fold_2_scored_candidates.csv,754490,7ae1c63517a87cc30ea2cca6210c6de5a1571690c612e80628ac3db6c65b1615
data/processed/link_prediction/scored_candidates/ca-GrQc__fold_3_scored_candidates.csv,/content/data/processed/link_prediction/scored_candidates/ca-GrQc__fold_3_scored_candidates.csv,763911,566e3004cecc0738cff73986c0737c9491d2e7226aab7b196c9562dd7109a208
data/processed/link_prediction/scored_candidates/ca-GrQc__fold_4_scored_candidates.csv,/content/data/processed/link_prediction/scored_candidates/ca-GrQc__fold_4_scored_candidates.csv,756865,b656afda7937aed90f76497580501a5a7fede46383690ae25fd7ea60915004c1
data/processed/link_prediction/scored_candidates/ca-GrQc__fold_5_scored_candidates.csv,/content/data/processed/link_prediction/scored_candidates/ca-GrQc__fold_5_scored_candidates.csv,757505,52c7c3ba59f32d8b8108fac4851f6f482854264a382680e458e401d18b7e8a7d
data/processed/link_prediction/scored_candidates/ca-HepTh__fold_1_scored_candidates.csv,/content/data/processed/link_prediction/scored_candidates/ca-HepTh__fold_1_scored_candidates.csv,1276830,b2edf1d14913934eb8c76b80dbb3fdf3d575bc07b2e4e3cd0f3779f6ea261be7
data/processed/link_prediction/scored_candidates/ca-HepTh__fold_2_scored_candidates.csv,/content/data/processed/link_prediction/scored_candidates/ca-HepTh__fold_2_scored_candidates.csv,1283955,3bf625bc912a24a0ebd80e255fb0860292b0d08643081e8c2eb3c2a36da45bd7
data/processed/link_prediction/scored_candidates/ca-HepTh__fold_3_scored_candidates.csv,/content/data/processed/link_prediction/scored_candidates/ca-HepTh__fold_3_scored_candidates.csv,1281276,69c039e0226907aabb29af351460541120081cc4f67a0ba549f646acb45ff0d3
data/processed/link_prediction/scored_candidates/ca-HepTh__fold_4_scored_candidates.csv,/content/data/processed/link_prediction/scored_candidates/ca-HepTh__fold_4_scored_candidates.csv,1282414,d52c9326298005f7291adc29127ceafa5df2a5a4db64118d9ffc6c8fc417d8a4
data/processed/link_prediction/scored_candidates/ca-HepTh__fold_5_scored_candidates.csv,/content/data/processed/link_prediction/scored_candidates/ca-HepTh__fold_5_scored_candidates.csv,1275675,14ff66266ad5232b733859ea2c6058d705adcce1f7d6cd48867245707d2b7483
data/processed/link_prediction/scored_candidates/ego-Facebook__fold_1_scored_candidates.csv,/content/data/processed/link_prediction/scored_candidates/ego-Facebook__fold_1_scored_candidates.csv,8661999,1023538929be255948cf0c31ec068d62a70da75c543c13731c64d59872365eff
data/processed/link_prediction/scored_candidates/ego-Facebook__fold_2_scored_candidates.csv,/content/data/processed/link_prediction/scored_candidates/ego-Facebook__fold_2_scored_candidates.csv,8570800,c92531f0f9a8a846499dcb3471f9d81a21fcdab6a7ff46ef7fa68cdd69b4152e
data/processed/link_prediction/scored_candidates/ego-Facebook__fold_3_scored_candidates.csv,/content/data/processed/link_prediction/scored_candidates/ego-Facebook__fold_3_scored_candidates.csv,8694168,d9528ca2504b098bba9c97707195681aef4be76dfa15af20bcc1f66e4233bcac
data/processed/link_prediction/scored_candidates/ego-Facebook__fold_4_scored_candidates.csv,/content/data/processed/link_prediction/scored_candidates/ego-Facebook__fold_4_scored_candidates.csv,8676954,54cfd06dc37aadbeaf44a0553efd06d165769fee5b1f94cb7ebd1be5cbdcccba
data/processed/link_prediction/scored_candidates/ego-Facebook__fold_5_scored_candidates.csv,/content/data/processed/link_prediction/scored_candidates/ego-Facebook__fold_5_scored_candidates.csv,8674279,d9f327784ae051539464fed40ff6e110ddd386206312889dc2c213a63cd35ee0
data/processed/link_prediction/scored_candidates/email-Eu-core__fold_1_scored_candidates.csv,/content/data/processed/link_prediction/scored_candidates/email-Eu-core__fold_1_scored_candidates.csv,1773609,89478db47609c7f6228ddf07a19c55254996fadd762815fa8afd7921223991fe
data/processed/link_prediction/scored_candidates/email-Eu-core__fold_2_scored_candidates.csv,/content/data/processed/link_prediction/scored_candidates/email-Eu-core__fold_2_scored_candidates.csv,1758808,db7b416a6298324ece8f1f576436898c207cef3c71556e92ea6de2c6499b11a8
data/processed/link_prediction/scored_candidates/email-Eu-core__fold_3_scored_candidates.csv,/content/data/processed/link_prediction/scored_candidates/email-Eu-core__fold_3_scored_candidates.csv,1767300,10a588ac4212120219f0dc0c692975882241ee64b173e61ade98c9f37f2d46b0
data/processed/link_prediction/scored_candidates/email-Eu-core__fold_4_scored_candidates.csv,/content/data/processed/link_prediction/scored_candidates/email-Eu-core__fold_4_scored_candidates.csv,1759502,cd4208057081e3b6fa374288954dd18aa9573de661465abd6511899d09736df1
data/processed/link_prediction/scored_candidates/email-Eu-core__fold_5_scored_candidates.csv,/content/data/processed/link_prediction/scored_candidates/email-Eu-core__fold_5_scored_candidates.csv,1774089,1c77aeb590a525bc4a82b6bec99d370bde1f2f7fe0afa1afddf8022428355202
data/processed/link_prediction/scored_candidates/method_score_columns.csv,/content/data/processed/link_prediction/scored_candidates/method_score_columns.csv,539,9ffefea25d830aeadd304f2937d9e1d1f1d50fc19543d06bd7499ff402957c3f
data/processed/link_prediction/scored_candidates/method_status_summary.csv,/content/data/processed/link_prediction/scored_candidates/method_status_summary.csv,2618,651d42e93162724ac1473a77224700c1f809a61a205f99ef4c00cb7213fe214f
data/processed/link_prediction/scored_candidates/method_status_table.csv,/content/data/processed/link_prediction/scored_candidates/method_status_table.csv,67646,e9a99614a9bcffc794aa29d345010f5296886f18f1482e3085d36a986431cd59
data/processed/link_prediction/scored_candidates/power-grid__fold_1_scored_candidates.csv,/content/data/processed/link_prediction/scored_candidates/power-grid__fold_1_scored_candidates.csv,92940,d9a53e4e5f64d786d3ee55033e2a9d391e7c25cadccd45a504f76d0cf2a45b87
data/processed/link_prediction/scored_candidates/power-grid__fold_2_scored_candidates.csv,/content/data/processed/link_prediction/scored_candidates/power-grid__fold_2_scored_candidates.csv,90207,3beb66d64c5bbf9357960d078e0e8d3811491b5b7abb2cd42595fbaf70ce9085
data/processed/link_prediction/scored_candidates/power-grid__fold_3_scored_candidates.csv,/content/data/processed/link_prediction/scored_candidates/power-grid__fold_3_scored_candidates.csv,91681,85dabaf72027ad7625119ec4cb2b176a0d87994a519bb6a0812cefaa701f1e75
data/processed/link_prediction/scored_candidates/power-grid__fold_4_scored_candidates.csv,/content/data/processed/link_prediction/scored_candidates/power-grid__fold_4_scored_candidates.csv,90936,c6e8aab328f87c1e18bbc623ea9eb9258764c6322e0325f18ce8d16209f74e9f
data/processed/link_prediction/scored_candidates/power-grid__fold_5_scored_candidates.csv,/content/data/processed/link_prediction/scored_candidates/power-grid__fold_5_scored_candidates.csv,89766,92b8ca47ce79e01b1bbabba80590f437e6342edbb9e2d53095ee27ac1f62892a
data/processed/link_prediction/scored_candidates/score_distribution_summary.csv,/content/data/processed/link_prediction/scored_candidates/score_distribution_summary.csv,76855,b0aca89861321627a36e4ce221c7805939107704fa178369efbdf78b448acf84
data/processed/link_prediction/scored_candidates/scoring_time_summary.csv,/content/data/processed/link_prediction/scored_candidates/scoring_time_summary.csv,3535,c15e2e7fce654c7f8a687a9a6865acb24f8d5408fc2a685d34856993c9e836c9
data/processed/link_prediction/structural_analysis/best_method_structural_summary.csv,/content/data/processed/link_prediction/structural_analysis/best_method_structural_summary.csv,14812,dd465c889ac10ffb169004e6004f5c2758379aa2c01fe9b9bde6697f513f133a
data/processed/link_prediction/structural_analysis/evaluation_with_structure.csv,/content/data/processed/link_prediction/structural_analysis/evaluation_with_structure.csv,232763,4859188170d9a2f8b678430d728752621118ab77716fc0f88e3da8558e695dfc
data/processed/link_prediction/structural_analysis/family_performance_by_network.csv,/content/data/processed/link_prediction/structural_analysis/family_performance_by_network.csv,4967,9cf69514a71072b97d85727a38dd2ae6a4760892c5556694019d46e77d7b3f61
data/processed/link_prediction/structural_analysis/family_performance_summary.csv,/content/data/processed/link_prediction/structural_analysis/family_performance_summary.csv,1582,0b1e997db5ec09dcd4438d5dc8d4df303da0b41e0b22a5483ac3264cca2493f2
data/processed/link_prediction/structural_analysis/family_structural_correlations.csv,/content/data/processed/link_prediction/structural_analysis/family_structural_correlations.csv,3595,18d5d65adb868877fca3b24f829e57607fa1e10f9aae4c8e8e05432dc500855d
data/processed/link_prediction/structural_analysis/method_family_table.csv,/content/data/processed/link_prediction/structural_analysis/method_family_table.csv,429,28d28412bf860fe4a1ff545e91040eea862460c749e97bd344bba18ed817ca78
data/processed/link_prediction/structural_analysis/method_structural_correlations.csv,/content/data/processed/link_prediction/structural_analysis/method_structural_correlations.csv,11870,cd1c763d3d0c5a192ca6392256d8b91b1fc8559fb03f1a6a85936a2f7c93e439
data/processed/link_prediction/structural_analysis/ranking_stability_summary.csv,/content/data/processed/link_prediction/structural_analysis/ranking_stability_summary.csv,1954,d613387050bb9bdfe89ff1d87a041715aad9e116814d0c454766046b55ef2973
data/processed/link_prediction/topk_error_analysis/best_method_topk_outcome_summary.csv,/content/data/processed/link_prediction/topk_error_analysis/best_method_topk_outcome_summary.csv,8690,b2ab253b326333d0bbe7bf02813715199732093cfc35f590648c6bcf0633da41
data/processed/link_prediction/topk_error_analysis/best_method_topk_prediction_detail.csv,/content/data/processed/link_prediction/topk_error_analysis/best_method_topk_prediction_detail.csv,1598371,9c3052abb87ea90fe74d4906c4f873c99c3dcb335c0bafd1f410ec9dfab7123c
data/processed/link_prediction/topk_error_analysis/topk_confusion_summary.csv,/content/data/processed/link_prediction/topk_error_analysis/topk_confusion_summary.csv,611559,1f365d043df0edbb183c15ca89b03e4fcdd069e53e025099bd8c6cb00e35e5e4
data/processed/link_prediction/topk_error_analysis/topk_difficulty_summary.csv,/content/data/processed/link_prediction/topk_error_analysis/topk_difficulty_summary.csv,211207,bf1050cf3969b7f0a7b8305c4213f4d8632315cb95d907628468ae09df65c9b3
data/processed/link_prediction/topk_error_analysis/topk_false_positive_examples.csv,/content/data/processed/link_prediction/topk_error_analysis/topk_false_positive_examples.csv,35240,2fcc3855087055319d8856d88ec8ce65b66d3f07527b1665fa0c19e37fe69c0e
data/processed/link_prediction/topk_error_analysis/topk_fixed_k_detail_summary.csv,/content/data/processed/link_prediction/topk_error_analysis/topk_fixed_k_detail_summary.csv,254809,fe8b777c5673b7e459d83a3e57c77c187699114c868879fc0d7beed1241337c2
data/processed/link_prediction/topk_error_analysis/topk_outcome_summary.csv,/content/data/processed/link_prediction/topk_error_analysis/topk_outcome_summary.csv,171836,dd818999b97db7ad532484fa53c428c6ea773c3f1b4e5621de0122bb79dc5abf
data/processed/link_prediction/topk_error_analysis/topk_pair_outcome_profile.csv,/content/data/processed/link_prediction/topk_error_analysis/topk_pair_outcome_profile.csv,29340,a5913a7c103aeaf72af48f35ffc367df12b52a3add2f046d027db44be8887950
data/processed/link_prediction/topk_error_analysis/topk_prediction_detail.csv,/content/data/processed/link_prediction/topk_error_analysis/topk_prediction_detail.csv,28731235,78cee2c7cae7289a1a65814118fe32197290c0ea8c825a62dd75757e0a37dfc3
data/processed/link_prediction/topk_error_analysis/topk_true_positive_examples.csv,/content/data/processed/link_prediction/topk_error_analysis/topk_true_positive_examples.csv,1092243,d4b2b53540a6fd91af4bdfd90389ac0c3b0cd10d7618f8b595e6ba60bdff7c0e
data/processed/network_summary.csv,/content/data/processed/network_summary.csv,1365,0570967372cf9255ff5a150069fb816662158dbac1d41f4be2a8ca97c5039a35
data/processed/network_visualizations/ca-GrQc_full_topology.png,/content/data/processed/network_visualizations/ca-GrQc_full_topology.png,2298510,49151f2dafdd7f9aff8b2c53c3a01ae671b292b3d9feac06dc83be5ed3ae2b04
data/processed/network_visualizations/ca-HepTh_full_topology.png,/content/data/processed/network_visualizations/ca-HepTh_full_topology.png,3723668,c5e21665a6e28ff76298569dc8a71a92265eef3e0e346f4c0c62c2844996fa5e
data/processed/network_visualizations/ego-Facebook_full_topology.png,/content/data/processed/network_visualizations/ego-Facebook_full_topology.png,3065456,2bbfcd468f3e873dce4478acd63b4827bd327b8042f4a15a809eeb4973a03893
data/processed/network_visualizations/email-Eu-core_full_topology.png,/content/data/processed/network_visualizations/email-Eu-core_full_topology.png,2442315,095ad1a09ee5269059df61015f3d0d13e495e02760ed7a9f9a067ec379315649
data/processed/network_visualizations/network_visualization_summary.csv,/content/data/processed/network_visualizations/network_visualization_summary.csv,620,e7f4feaf2b4dfa8e460228782fe942711e3105a05894769fa1cb4df1e693cf3c
data/processed/network_visualizations/power-grid_full_topology.png,/content/data/processed/network_visualizations/power-grid_full_topology.png,3184677,202fe209f21e1101bb34e4c7c5edef793cfe77c3d849ef9a6936b7f7be0832d6
data/processed/power-grid.edgelist,/content/data/processed/power-grid.edgelist,63006,709d88746ec81245ac8b21e2d31b30e342e0b84629af7ab3657fd57a966bd964
